DELETE FROM "user_role";
DELETE FROM "user_company";
DELETE FROM role;
DELETE FROM "course";
DELETE FROM "car";
DELETE FROM company;
DELETE FROM usr;



INSERT INTO usr (name,lastname,dob,phone,password,login) VALUES ('Kylynn','Preston','2016-03-07','805397206','admin','admin');
INSERT INTO usr (name,lastname,dob,phone,password,login) VALUES ('Kirestin','West','2016-09-04','743942033','owner1','owner1');
INSERT INTO usr (name,lastname,dob,phone,password,login) VALUES ('Kenyon','George','2016-03-16','031646854','owner2','owner2');
INSERT INTO usr (name,lastname,dob,phone,password,login) VALUES ('Troy','Cantrell','2016-03-22','633016974','owner3','owner3');
INSERT INTO usr (name,lastname,dob,phone,password,login) VALUES ('Ahmed','Mullins','2015-05-07','013686864','dispatcher1','dispatcher1');
INSERT INTO usr (name,lastname,dob,phone,password,login) VALUES ('Kelsie','Hays','2015-01-28','232341675','dispatcher2','dispatcher2');
INSERT INTO usr (name,lastname,dob,phone,password,login) VALUES ('Marny','Nolan','2015-02-26','900003454','dispatcher3','dispatcher3');
INSERT INTO usr (name,lastname,dob,phone,password,login) VALUES ('Daryl','Mccullough','2015-05-28','179135074','dispatcher4,','dispatcher4');
INSERT INTO usr (name,lastname,dob,phone,password,login) VALUES ('Ulla','Mcdonald','2014-11-23','490032035','dispatcher5','dispatcher5');
INSERT INTO usr (name,lastname,dob,phone,password,login) VALUES ('Renee','Alvarez','2016-05-28','183686330','dispatcher6','dispatcher6');
INSERT INTO usr (name,lastname,dob,phone,password,login) VALUES ('Megan','Barron','2016-02-27','084999658','dispatcher7','dispatcher7');
INSERT INTO usr (name,lastname,dob,phone,password,login) VALUES ('Tiger','Macias','2016-02-24','235852725','dispatcher8','dispatcher8');
INSERT INTO usr (name,lastname,dob,phone,password,login) VALUES ('Asher','Rhodes','2015-07-15','546545285','dispatcher9','dispatcher9');
INSERT INTO usr (name,lastname,dob,phone,password,login) VALUES ('Eaton','Holt','2015-04-19','538498441','dispatcher10','dispatcher10');
INSERT INTO usr (name,lastname,dob,phone,password,login) VALUES ('Daphne','Alford','2015-11-24','819724600','alford','alford');
INSERT INTO usr (name,lastname,dob,phone,password,login) VALUES ('Brynne','Walters','2015-08-22','122370351','walters','walters');
INSERT INTO usr (name,lastname,dob,phone,password,login) VALUES ('Brenden','Thompson','2015-09-09','194920969','thompson','thompson');
INSERT INTO usr (name,lastname,dob,phone,password,login) VALUES ('Rooney','Burgess','2015-11-14','878623319','burgess','burgess');
INSERT INTO usr (name,lastname,dob,phone,password,login) VALUES ('Maisie','Brady','2015-05-06','131512637','brady','brady');
INSERT INTO usr (name,lastname,dob,phone,password,login) VALUES ('Eagan','Garza','2016-06-17','486463115','garza','garza');
INSERT INTO usr (name,lastname,dob,phone,password,login) VALUES ('Sonia','Orr','2014-11-20','203381075','orr','orr');
INSERT INTO usr (name,lastname,dob,phone,password,login) VALUES ('Azalia','Mckenzie','2016-05-26','160221713','mckenzie','mckenzie');
INSERT INTO usr (name,lastname,dob,phone,password,login) VALUES ('Blythe','Combs','2014-12-05','316913381','combs','combs');
INSERT INTO usr (name,lastname,dob,phone,password,login) VALUES ('Abraham','Levy','2014-09-25','878004266','levy','levy');
INSERT INTO usr (name,lastname,dob,phone,password,login) VALUES ('Jason','Erickson','2016-01-05','577620799','erickson','erickson');
INSERT INTO usr (name,lastname,dob,phone,password,login) VALUES ('Lacota','Mays','2016-03-17','844969892','mays','mays');
INSERT INTO usr (name,lastname,dob,phone,password,login) VALUES ('Owen','Gross','2014-12-17','288171381','gross','gross');
INSERT INTO usr (name,lastname,dob,phone,password,login) VALUES ('Raja','Wallace','2016-06-05','322340969','wallace','wallace');
INSERT INTO usr (name,lastname,dob,phone,password,login) VALUES ('Jaden','Mcconnell','2015-03-28','537545159','mcconnell','mcconnell');
INSERT INTO usr (name,lastname,dob,phone,password,login) VALUES ('Lucy','Cannon','2014-09-20','443622885','cannon','cannon');
INSERT INTO usr (name,lastname,dob,phone,password,login) VALUES ('Driscoll','Arnold','2015-08-06','999352770','arnold','arnold');
INSERT INTO usr (name,lastname,dob,phone,password,login) VALUES ('Quintessa','Byers','2015-12-23','643994632','byers','byers');
INSERT INTO usr (name,lastname,dob,phone,password,login) VALUES ('Caryn','Gregory','2015-02-25','072286897','gregory','gregory');
INSERT INTO usr (name,lastname,dob,phone,password,login) VALUES ('Rudyard','Harvey','2016-01-15','479622992','harvey,','harvey');
INSERT INTO usr (name,lastname,dob,phone,password,login) VALUES ('Keith','Phillips','2016-03-06','805917434','phillips','phillips');
INSERT INTO usr (name,lastname,dob,phone,password,login) VALUES ('Karina','Grimes','2015-12-16','159059866','grimes,','grimes');
INSERT INTO usr (name,lastname,dob,phone,password,login) VALUES ('Sarah','Barronek','2016-07-14','711307117','barronek','barronek');
INSERT INTO usr (name,lastname,dob,phone,password,login) VALUES ('Chiquita','Shaffer','2015-05-01','938302809','shaffer','shaffer');
INSERT INTO usr (name,lastname,dob,phone,password,login) VALUES ('Craig','Mcgee','2016-03-12','068544380','mcgee','mcgee');
INSERT INTO usr (name,lastname,dob,phone,password,login) VALUES ('Michael','Woodard','2015-10-12','929749407','woodard','woodard');
INSERT INTO usr (name,lastname,dob,phone,password,login) VALUES ('Ulysses','Shelton','2016-08-21','515738705','shelton','shelton');
INSERT INTO usr (name,lastname,dob,phone,password,login) VALUES ('Ignatius','Willis','2016-07-31','991382462','willis','willis');
INSERT INTO usr (name,lastname,dob,phone,password,login) VALUES ('Ingrid','Mendoza','2014-09-21','933715745','mendoza','mendoza');
INSERT INTO usr (name,lastname,dob,phone,password,login) VALUES ('Hedy','Coleman','2016-03-14','158695073','coleman','coleman');
INSERT INTO usr (name,lastname,dob,phone,password,login) VALUES ('Giselle','Hunter','2015-11-27','637033447','hunter','hunter');
INSERT INTO usr (name,lastname,dob,phone,password,login) VALUES ('Andrew','Powers','2015-05-26','165598626','powers','powers');
INSERT INTO usr (name,lastname,dob,phone,password,login) VALUES ('Edward','Bright','2015-06-05','860620468','bright','bright');
INSERT INTO usr (name,lastname,dob,phone,password,login) VALUES ('Vincent','Gibbs','2015-08-24','107838749','gibbs','gibbs');
INSERT INTO usr (name,lastname,dob,phone,password,login) VALUES ('Yolanda','Gilliam','2015-09-09','948337858','gilliam','gilliam');
INSERT INTO usr (name,lastname,dob,phone,password,login) VALUES ('Gregory','Frost','2015-03-30','276169538','frost','frost');
INSERT INTO usr (name,lastname,dob,phone,password,login) VALUES ('Latifah','Tyson','2015-11-15','933016343','tyson','tyson');
INSERT INTO usr (name,lastname,dob,phone,password,login) VALUES ('Tallulah','Mack','2014-10-22','493094572','mack','mack');
INSERT INTO usr (name,lastname,dob,phone,password,login) VALUES ('Jaime','Sloan','2015-07-11','339960605','sloan','sloan');
INSERT INTO usr (name,lastname,dob,phone,password,login) VALUES ('Caesar','Case','2015-09-28','214090734','case','case');
INSERT INTO usr (name,lastname,dob,phone,password,login) VALUES ('Amos','Peters','2015-09-25','943186095','peters,','peters');
INSERT INTO usr (name,lastname,dob,phone,password,login) VALUES ('Daniel','Colon','2016-03-05','016563949','colon','colon');
INSERT INTO usr (name,lastname,dob,phone,password,login) VALUES ('Amos','Cardenas','2015-07-11','978191916','cardenas','cardenas');
INSERT INTO usr (name,lastname,dob,phone,password,login) VALUES ('Philip','Guzman','2015-01-08','476311728','guzman','guzman');
INSERT INTO usr (name,lastname,dob,phone,password,login) VALUES ('Wynne','Daniel','2016-03-18','073173350','daniel','daniel');
INSERT INTO usr (name,lastname,dob,phone,password,login) VALUES ('Veronica','Townsend','2015-03-21','573658119','townsend','townsend');
INSERT INTO usr (name,lastname,dob,phone,password,login) VALUES ('Latifah','Tysonek','2015-11-15','233016343','tysonek','tysonek');
INSERT INTO usr (name,lastname,dob,phone,password,login) VALUES ('Tallulah','Mackek','2014-10-22','193094572','mackek','mackek');
INSERT INTO usr (name,lastname,dob,phone,password,login) VALUES ('Jaime','Sloanek','2015-07-11','939960605','sloanek','sloanek');
INSERT INTO usr (name,lastname,dob,phone,password,login) VALUES ('Caesar','Caseek','2015-09-28','814090734','caseek','caseek');
INSERT INTO usr (name,lastname,dob,phone,password,login) VALUES ('Amos','Petersek','2015-09-25','343186095','petersek,','petersek');
INSERT INTO usr (name,lastname,dob,phone,password,login) VALUES ('Daniel','Colonek','2016-03-05','116563949','colonek','colonek');
INSERT INTO usr (name,lastname,dob,phone,password,login) VALUES ('Amos','Cardenasek','2015-07-11','178191916','cardenasek','cardenasek');
INSERT INTO usr (name,lastname,dob,phone,password,login) VALUES ('Philip','Guzmanek','2015-01-08','176311728','guzmanek','guzmanek');
INSERT INTO usr (name,lastname,dob,phone,password,login) VALUES ('Wynne','Danielek','2016-03-18','173173350','danielek','danielek');
INSERT INTO usr (name,lastname,dob,phone,password,login) VALUES ('Veronica','Townsendek','2015-03-21','173658119','townsendek','townsendek');


INSERT INTO role (name,priority) VALUES ('ROLE_ADMIN','0');
INSERT INTO role (name,priority) VALUES ('ROLE_OWNER','1');
INSERT INTO role (name,priority) VALUES ('ROLE_DISPATCHER','2');
INSERT INTO role (name,priority) VALUES ('ROLE_DRIVER','3');



INSERT INTO company (name,phone,address,logo) VALUES ('Nisl Maecenas Inc.','946048115','47-511','CZG41KWA4PY');
INSERT INTO company (name,phone,address,logo) VALUES ('Aliquet Foundation','967110406','26-636','RTM53NAI1BG');
INSERT INTO company (name,phone,address,logo) VALUES ('Per Inceptos Hymenaeos Inc.','180399618','66-292','HMD98LDD2OO');
INSERT INTO company (name,phone,address,logo) VALUES ('Pretium Neque Limited','729028428','86-208','WBD01HMF1GE');
INSERT INTO company (name,phone,address,logo) VALUES ('Ornare Sagittis Felis Incorporated','463648722','00-132','YDM28WKM9KD');
INSERT INTO company (name,phone,address,logo) VALUES ('Aliquam Ltd','974329844','57-182','REJ50HOM0KS');



INSERT INTO "user_role" (user_id,role_id) VALUES (1,1);
INSERT INTO "user_role" (user_id,role_id) VALUES (2,2);
INSERT INTO "user_role" (user_id,role_id) VALUES (3,2);
INSERT INTO "user_role" (user_id,role_id) VALUES (4,2);
INSERT INTO "user_role" (user_id,role_id) VALUES (5,3);
INSERT INTO "user_role" (user_id,role_id) VALUES (6,3);
INSERT INTO "user_role" (user_id,role_id) VALUES (7,3);
INSERT INTO "user_role" (user_id,role_id) VALUES (8,3);
INSERT INTO "user_role" (user_id,role_id) VALUES (9,3);
INSERT INTO "user_role" (user_id,role_id) VALUES (10,3);
INSERT INTO "user_role" (user_id,role_id) VALUES (11,3);
INSERT INTO "user_role" (user_id,role_id) VALUES (12,3);
INSERT INTO "user_role" (user_id,role_id) VALUES (13,3);
INSERT INTO "user_role" (user_id,role_id) VALUES (14,3);
INSERT INTO "user_role" (user_id,role_id) VALUES (15,4);
INSERT INTO "user_role" (user_id,role_id) VALUES (16,4);
INSERT INTO "user_role" (user_id,role_id) VALUES (17,4);
INSERT INTO "user_role" (user_id,role_id) VALUES (18,4);
INSERT INTO "user_role" (user_id,role_id) VALUES (19,4);
INSERT INTO "user_role" (user_id,role_id) VALUES (20,4);
INSERT INTO "user_role" (user_id,role_id) VALUES (21,4);
INSERT INTO "user_role" (user_id,role_id) VALUES (22,4);
INSERT INTO "user_role" (user_id,role_id) VALUES (23,4);
INSERT INTO "user_role" (user_id,role_id) VALUES (24,4);
INSERT INTO "user_role" (user_id,role_id) VALUES (25,4);
INSERT INTO "user_role" (user_id,role_id) VALUES (26,4);
INSERT INTO "user_role" (user_id,role_id) VALUES (27,4);
INSERT INTO "user_role" (user_id,role_id) VALUES (28,4);
INSERT INTO "user_role" (user_id,role_id) VALUES (29,4);
INSERT INTO "user_role" (user_id,role_id) VALUES (30,4);
INSERT INTO "user_role" (user_id,role_id) VALUES (31,4);
INSERT INTO "user_role" (user_id,role_id) VALUES (32,4);
INSERT INTO "user_role" (user_id,role_id) VALUES (33,4);
INSERT INTO "user_role" (user_id,role_id) VALUES (34,4);
INSERT INTO "user_role" (user_id,role_id) VALUES (35,4);
INSERT INTO "user_role" (user_id,role_id) VALUES (36,4);
INSERT INTO "user_role" (user_id,role_id) VALUES (37,4);
INSERT INTO "user_role" (user_id,role_id) VALUES (38,4);
INSERT INTO "user_role" (user_id,role_id) VALUES (39,4);
INSERT INTO "user_role" (user_id,role_id) VALUES (40,4);
INSERT INTO "user_role" (user_id,role_id) VALUES (41,4);
INSERT INTO "user_role" (user_id,role_id) VALUES (42,4);
INSERT INTO "user_role" (user_id,role_id) VALUES (43,4);
INSERT INTO "user_role" (user_id,role_id) VALUES (44,4);
INSERT INTO "user_role" (user_id,role_id) VALUES (45,4);
INSERT INTO "user_role" (user_id,role_id) VALUES (46,4);
INSERT INTO "user_role" (user_id,role_id) VALUES (47,4);
INSERT INTO "user_role" (user_id,role_id) VALUES (48,4);
INSERT INTO "user_role" (user_id,role_id) VALUES (49,4);
INSERT INTO "user_role" (user_id,role_id) VALUES (50,4);
INSERT INTO "user_role" (user_id,role_id) VALUES (51,4);
INSERT INTO "user_role" (user_id,role_id) VALUES (52,4);
INSERT INTO "user_role" (user_id,role_id) VALUES (53,4);
INSERT INTO "user_role" (user_id,role_id) VALUES (54,4);
INSERT INTO "user_role" (user_id,role_id) VALUES (55,4);
INSERT INTO "user_role" (user_id,role_id) VALUES (56,4);
INSERT INTO "user_role" (user_id,role_id) VALUES (57,4);
INSERT INTO "user_role" (user_id,role_id) VALUES (58,4);
INSERT INTO "user_role" (user_id,role_id) VALUES (59,4);
INSERT INTO "user_role" (user_id,role_id) VALUES (60,4);
INSERT INTO "user_role" (user_id,role_id) VALUES (61,4);
INSERT INTO "user_role" (user_id,role_id) VALUES (62,4);
INSERT INTO "user_role" (user_id,role_id) VALUES (63,4);
INSERT INTO "user_role" (user_id,role_id) VALUES (64,4);
INSERT INTO "user_role" (user_id,role_id) VALUES (65,4);
INSERT INTO "user_role" (user_id,role_id) VALUES (66,4);
INSERT INTO "user_role" (user_id,role_id) VALUES (67,4);
INSERT INTO "user_role" (user_id,role_id) VALUES (68,4);
INSERT INTO "user_role" (user_id,role_id) VALUES (69,4);
INSERT INTO "user_role" (user_id,role_id) VALUES (70,4);
INSERT INTO "user_role" (user_id,role_id) VALUES (3,3);
INSERT INTO "user_role" (user_id,role_id) VALUES (2,4);



INSERT INTO "user_company" (user_id,company_id) VALUES (2,1);
INSERT INTO "user_company" (user_id,company_id) VALUES (2,2); 
INSERT INTO "user_company" (user_id,company_id) VALUES (3,3);
INSERT INTO "user_company" (user_id,company_id) VALUES (3,4);
INSERT INTO "user_company" (user_id,company_id) VALUES (5,1);
INSERT INTO "user_company" (user_id,company_id) VALUES (6,1);
INSERT INTO "user_company" (user_id,company_id) VALUES (7,2);
INSERT INTO "user_company" (user_id,company_id) VALUES (8,2);
INSERT INTO "user_company" (user_id,company_id) VALUES (9,2);
INSERT INTO "user_company" (user_id,company_id) VALUES (10,3);
INSERT INTO "user_company" (user_id,company_id) VALUES (11,6);
INSERT INTO "user_company" (user_id,company_id) VALUES (12,4);
INSERT INTO "user_company" (user_id,company_id) VALUES (13,5);
INSERT INTO "user_company" (user_id,company_id) VALUES (14,6);
INSERT INTO "user_company" (user_id,company_id) VALUES (15,1);
INSERT INTO "user_company" (user_id,company_id) VALUES (15,1);
INSERT INTO "user_company" (user_id,company_id) VALUES (15,1);
INSERT INTO "user_company" (user_id,company_id) VALUES (16,1);
INSERT INTO "user_company" (user_id,company_id) VALUES (17,1);
INSERT INTO "user_company" (user_id,company_id) VALUES (18,1);
INSERT INTO "user_company" (user_id,company_id) VALUES (19,1);
INSERT INTO "user_company" (user_id,company_id) VALUES (20,1);
INSERT INTO "user_company" (user_id,company_id) VALUES (21,1);
INSERT INTO "user_company" (user_id,company_id) VALUES (22,1);
INSERT INTO "user_company" (user_id,company_id) VALUES (23,1);
INSERT INTO "user_company" (user_id,company_id) VALUES (24,1);
INSERT INTO "user_company" (user_id,company_id) VALUES (25,2);
INSERT INTO "user_company" (user_id,company_id) VALUES (26,2);
INSERT INTO "user_company" (user_id,company_id) VALUES (27,2);
INSERT INTO "user_company" (user_id,company_id) VALUES (28,2);
INSERT INTO "user_company" (user_id,company_id) VALUES (29,2);
INSERT INTO "user_company" (user_id,company_id) VALUES (30,2);
INSERT INTO "user_company" (user_id,company_id) VALUES (31,2);
INSERT INTO "user_company" (user_id,company_id) VALUES (32,2);
INSERT INTO "user_company" (user_id,company_id) VALUES (33,2);
INSERT INTO "user_company" (user_id,company_id) VALUES (34,3);
INSERT INTO "user_company" (user_id,company_id) VALUES (35,3);
INSERT INTO "user_company" (user_id,company_id) VALUES (36,3);
INSERT INTO "user_company" (user_id,company_id) VALUES (37,3);
INSERT INTO "user_company" (user_id,company_id) VALUES (38,3);
INSERT INTO "user_company" (user_id,company_id) VALUES (39,3);
INSERT INTO "user_company" (user_id,company_id) VALUES (40,3);
INSERT INTO "user_company" (user_id,company_id) VALUES (41,3);
INSERT INTO "user_company" (user_id,company_id) VALUES (42,3);
INSERT INTO "user_company" (user_id,company_id) VALUES (43,3);
INSERT INTO "user_company" (user_id,company_id) VALUES (44,3);
INSERT INTO "user_company" (user_id,company_id) VALUES (45,3);
INSERT INTO "user_company" (user_id,company_id) VALUES (46,4);
INSERT INTO "user_company" (user_id,company_id) VALUES (47,4);
INSERT INTO "user_company" (user_id,company_id) VALUES (48,4);
INSERT INTO "user_company" (user_id,company_id) VALUES (49,4);
INSERT INTO "user_company" (user_id,company_id) VALUES (50,4);
INSERT INTO "user_company" (user_id,company_id) VALUES (51,4);
INSERT INTO "user_company" (user_id,company_id) VALUES (52,4);
INSERT INTO "user_company" (user_id,company_id) VALUES (53,4);
INSERT INTO "user_company" (user_id,company_id) VALUES (54,4);
INSERT INTO "user_company" (user_id,company_id) VALUES (55,4);
INSERT INTO "user_company" (user_id,company_id) VALUES (56,5);
INSERT INTO "user_company" (user_id,company_id) VALUES (57,5);
INSERT INTO "user_company" (user_id,company_id) VALUES (58,5);
INSERT INTO "user_company" (user_id,company_id) VALUES (59,5);
INSERT INTO "user_company" (user_id,company_id) VALUES (60,5);
INSERT INTO "user_company" (user_id,company_id) VALUES (61,5);
INSERT INTO "user_company" (user_id,company_id) VALUES (62,5);
INSERT INTO "user_company" (user_id,company_id) VALUES (63,5);
INSERT INTO "user_company" (user_id,company_id) VALUES (64,6);
INSERT INTO "user_company" (user_id,company_id) VALUES (65,6);
INSERT INTO "user_company" (user_id,company_id) VALUES (66,6);
INSERT INTO "user_company" (user_id,company_id) VALUES (67,6);
INSERT INTO "user_company" (user_id,company_id) VALUES (68,6);
INSERT INTO "user_company" (user_id,company_id) VALUES (69,6);
INSERT INTO "user_company" (user_id,company_id) VALUES (70,6);
INSERT INTO "user_company" (user_id,company_id) VALUES (4,5);
INSERT INTO "user_company" (user_id,company_id) VALUES (4,6);



INSERT INTO "course" (cost,distance,user_id,date,customer_phone_number) VALUES (95,45,29,'2016-05-25 17:49:37','037436121');
INSERT INTO "course" (cost,distance,user_id,date,customer_phone_number) VALUES (4,56,17,'2014-12-25 11:11:01','183444114');
INSERT INTO "course" (cost,distance,user_id,date,customer_phone_number) VALUES (97,26,59,'2016-04-26 07:04:40','970801778');
INSERT INTO "course" (cost,distance,user_id,date,customer_phone_number) VALUES (80,39,50,'2015-07-13 07:53:09','493244295');
INSERT INTO "course" (cost,distance,user_id,date,customer_phone_number) VALUES (63,96,38,'2015-08-02 21:03:47','989251035');
INSERT INTO "course" (cost,distance,user_id,date,customer_phone_number) VALUES (66,96,4,'2014-10-10 17:47:03','480433394');
INSERT INTO "course" (cost,distance,user_id,date,customer_phone_number) VALUES (88,16,18,'2014-10-28 13:46:30','383705333');
INSERT INTO "course" (cost,distance,user_id,date,customer_phone_number) VALUES (95,18,4,'2015-04-03 01:19:38','143046338');
INSERT INTO "course" (cost,distance,user_id,date,customer_phone_number) VALUES (11,91,42,'2015-11-24 03:51:07','822564156');
INSERT INTO "course" (cost,distance,user_id,date,customer_phone_number) VALUES (74,92,57,'2015-06-16 04:59:44','784260421');
INSERT INTO "course" (cost,distance,user_id,date,customer_phone_number) VALUES (93,65,30,'2015-12-13 02:26:28','354570597');
INSERT INTO "course" (cost,distance,user_id,date,customer_phone_number) VALUES (88,43,32,'2015-05-31 07:21:06','427440508');
INSERT INTO "course" (cost,distance,user_id,date,customer_phone_number) VALUES (52,84,17,'2016-05-27 01:28:27','973431414');
INSERT INTO "course" (cost,distance,user_id,date,customer_phone_number) VALUES (64,29,18,'2015-04-06 19:51:41','082767641');
INSERT INTO "course" (cost,distance,user_id,date,customer_phone_number) VALUES (77,37,24,'2014-10-16 20:26:20','970583610');
INSERT INTO "course" (cost,distance,user_id,date,customer_phone_number) VALUES (64,31,4,'2015-06-24 01:27:03','028070845');
INSERT INTO "course" (cost,distance,user_id,date,customer_phone_number) VALUES (38,88,52,'2015-06-27 14:52:34','828686583');
INSERT INTO "course" (cost,distance,user_id,date,customer_phone_number) VALUES (29,69,33,'2014-11-25 14:59:35','161971120');
INSERT INTO "course" (cost,distance,user_id,date,customer_phone_number) VALUES (60,68,55,'2015-05-01 04:46:07','056486118');
INSERT INTO "course" (cost,distance,user_id,date,customer_phone_number) VALUES (51,80,50,'2015-12-18 13:59:25','949950512');
INSERT INTO "course" (cost,distance,user_id,date,customer_phone_number) VALUES (54,1,56,'2014-10-20 14:33:34','186284289');
INSERT INTO "course" (cost,distance,user_id,date,customer_phone_number) VALUES (47,15,22,'2015-02-17 07:19:36','858265899');
INSERT INTO "course" (cost,distance,user_id,date,customer_phone_number) VALUES (92,74,21,'2016-04-21 04:38:16','993822591');
INSERT INTO "course" (cost,distance,user_id,date,customer_phone_number) VALUES (65,53,50,'2015-07-17 11:25:46','295241776');
INSERT INTO "course" (cost,distance,user_id,date,customer_phone_number) VALUES (43,77,19,'2015-06-12 15:13:09','737222275');
INSERT INTO "course" (cost,distance,user_id,date,customer_phone_number) VALUES (57,91,37,'2014-10-14 13:03:28','591941105');
INSERT INTO "course" (cost,distance,user_id,date,customer_phone_number) VALUES (58,20,57,'2015-03-10 19:05:11','797497767');
INSERT INTO "course" (cost,distance,user_id,date,customer_phone_number) VALUES (65,17,46,'2015-01-21 03:55:35','868040381');
INSERT INTO "course" (cost,distance,user_id,date,customer_phone_number) VALUES (47,100,46,'2015-09-30 18:03:22','887501755');
INSERT INTO "course" (cost,distance,user_id,date,customer_phone_number) VALUES (89,26,26,'2015-05-28 10:48:01','507968967');
INSERT INTO "course" (cost,distance,user_id,date,customer_phone_number) VALUES (56,3,4,'2015-02-21 05:04:17','155585149');
INSERT INTO "course" (cost,distance,user_id,date,customer_phone_number) VALUES (16,39,45,'2015-04-04 06:56:05','477929292');
INSERT INTO "course" (cost,distance,user_id,date,customer_phone_number) VALUES (69,76,31,'2015-05-22 15:57:37','711083840');
INSERT INTO "course" (cost,distance,user_id,date,customer_phone_number) VALUES (11,2,54,'2016-07-02 20:48:52','330714293');
INSERT INTO "course" (cost,distance,user_id,date,customer_phone_number) VALUES (11,61,50,'2014-10-29 04:21:58','854441564');
INSERT INTO "course" (cost,distance,user_id,date,customer_phone_number) VALUES (96,82,29,'2016-07-19 18:43:17','740181058');
INSERT INTO "course" (cost,distance,user_id,date,customer_phone_number) VALUES (10,33,58,'2015-01-11 04:02:08','616025043');
INSERT INTO "course" (cost,distance,user_id,date,customer_phone_number) VALUES (56,47,35,'2015-10-04 20:43:48','331881679');
INSERT INTO "course" (cost,distance,user_id,date,customer_phone_number) VALUES (15,48,4,'2015-05-02 23:04:00','003197634');
INSERT INTO "course" (cost,distance,user_id,date,customer_phone_number) VALUES (72,23,27,'2014-09-23 22:11:21','091794840');
INSERT INTO "course" (cost,distance,user_id,date,customer_phone_number) VALUES (36,94,4,'2014-11-28 08:12:41','627592575');
INSERT INTO "course" (cost,distance,user_id,date,customer_phone_number) VALUES (84,45,22,'2015-01-07 03:39:07','384844793');
INSERT INTO "course" (cost,distance,user_id,date,customer_phone_number) VALUES (70,23,45,'2015-12-27 20:41:56','940466703');
INSERT INTO "course" (cost,distance,user_id,date,customer_phone_number) VALUES (85,4,29,'2015-07-14 14:57:34','070586005');
INSERT INTO "course" (cost,distance,user_id,date,customer_phone_number) VALUES (48,18,33,'2016-04-12 17:58:59','749110935');
INSERT INTO "course" (cost,distance,user_id,date,customer_phone_number) VALUES (68,34,39,'2016-08-25 05:29:34','969443118');
INSERT INTO "course" (cost,distance,user_id,date,customer_phone_number) VALUES (78,34,17,'2014-09-20 19:46:33','234610877');
INSERT INTO "course" (cost,distance,user_id,date,customer_phone_number) VALUES (54,80,22,'2015-06-11 22:30:05','485272903');
INSERT INTO "course" (cost,distance,user_id,date,customer_phone_number) VALUES (10,57,42,'2015-02-16 06:02:28','227140262');
INSERT INTO "course" (cost,distance,user_id,date,customer_phone_number) VALUES (44,57,40,'2016-01-12 04:47:39','952219524');
INSERT INTO "course" (cost,distance,user_id,date,customer_phone_number) VALUES (18,6,33,'2015-04-24 09:58:01','713135138');
INSERT INTO "course" (cost,distance,user_id,date,customer_phone_number) VALUES (82,62,39,'2015-06-07 15:49:13','730743439');
INSERT INTO "course" (cost,distance,user_id,date,customer_phone_number) VALUES (97,72,24,'2016-01-27 00:04:08','593270896');
INSERT INTO "course" (cost,distance,user_id,date,customer_phone_number) VALUES (31,47,47,'2015-09-18 17:29:15','770618441');
INSERT INTO "course" (cost,distance,user_id,date,customer_phone_number) VALUES (70,76,30,'2016-01-29 10:56:58','783168680');
INSERT INTO "course" (cost,distance,user_id,date,customer_phone_number) VALUES (24,79,46,'2015-03-29 10:23:46','115979970');
INSERT INTO "course" (cost,distance,user_id,date,customer_phone_number) VALUES (70,19,24,'2015-10-08 13:00:12','542682108');
INSERT INTO "course" (cost,distance,user_id,date,customer_phone_number) VALUES (60,35,57,'2016-05-16 20:16:49','753837820');
INSERT INTO "course" (cost,distance,user_id,date,customer_phone_number) VALUES (19,8,37,'2016-07-06 23:43:07','372604358');
INSERT INTO "course" (cost,distance,user_id,date,customer_phone_number) VALUES (32,70,31,'2015-12-14 12:15:24','336246878');
INSERT INTO "course" (cost,distance,user_id,date,customer_phone_number) VALUES (22,84,54,'2014-10-11 00:50:48','157492278');
INSERT INTO "course" (cost,distance,user_id,date,customer_phone_number) VALUES (56,98,55,'2016-06-27 05:29:13','129861736');
INSERT INTO "course" (cost,distance,user_id,date,customer_phone_number) VALUES (71,66,45,'2015-06-15 02:21:58','311648752');
INSERT INTO "course" (cost,distance,user_id,date,customer_phone_number) VALUES (32,72,27,'2015-01-16 00:20:42','854322068');
INSERT INTO "course" (cost,distance,user_id,date,customer_phone_number) VALUES (85,15,40,'2015-09-27 20:13:14','546709473');
INSERT INTO "course" (cost,distance,user_id,date,customer_phone_number) VALUES (10,66,44,'2014-10-18 14:33:10','008982396');
INSERT INTO "course" (cost,distance,user_id,date,customer_phone_number) VALUES (30,25,23,'2015-09-25 23:13:08','756938664');
INSERT INTO "course" (cost,distance,user_id,date,customer_phone_number) VALUES (79,21,58,'2016-09-02 21:58:41','249949160');
INSERT INTO "course" (cost,distance,user_id,date,customer_phone_number) VALUES (10,34,21,'2015-12-01 22:26:22','611367396');
INSERT INTO "course" (cost,distance,user_id,date,customer_phone_number) VALUES (17,16,48,'2016-03-31 14:23:01','488839675');
INSERT INTO "course" (cost,distance,user_id,date,customer_phone_number) VALUES (88,10,37,'2016-06-15 02:00:28','266483100');
INSERT INTO "course" (cost,distance,user_id,date,customer_phone_number) VALUES (54,96,31,'2015-01-08 03:17:26','162105213');
INSERT INTO "course" (cost,distance,user_id,date,customer_phone_number) VALUES (63,54,20,'2015-07-22 21:50:04','606435897');
INSERT INTO "course" (cost,distance,user_id,date,customer_phone_number) VALUES (27,19,49,'2015-01-25 18:40:10','986566248');
INSERT INTO "course" (cost,distance,user_id,date,customer_phone_number) VALUES (82,26,56,'2015-01-25 06:59:32','702602166');
INSERT INTO "course" (cost,distance,user_id,date,customer_phone_number) VALUES (18,43,45,'2016-02-17 16:10:37','026630003');
INSERT INTO "course" (cost,distance,user_id,date,customer_phone_number) VALUES (57,57,49,'2015-05-07 07:41:59','756417096');
INSERT INTO "course" (cost,distance,user_id,date,customer_phone_number) VALUES (68,67,60,'2015-05-09 23:14:46','967734025');
INSERT INTO "course" (cost,distance,user_id,date,customer_phone_number) VALUES (20,28,34,'2015-12-07 15:16:36','519621423');
INSERT INTO "course" (cost,distance,user_id,date,customer_phone_number) VALUES (36,68,23,'2016-03-26 18:38:35','902910181');
INSERT INTO "course" (cost,distance,user_id,date,customer_phone_number) VALUES (22,24,40,'2016-03-31 03:19:40','744888548');
INSERT INTO "course" (cost,distance,user_id,date,customer_phone_number) VALUES (61,85,51,'2015-09-29 21:03:19','365952892');
INSERT INTO "course" (cost,distance,user_id,date,customer_phone_number) VALUES (53,4,22,'2015-04-01 08:11:20','929062826');
INSERT INTO "course" (cost,distance,user_id,date,customer_phone_number) VALUES (82,44,48,'2015-11-24 01:33:00','332009067');
INSERT INTO "course" (cost,distance,user_id,date,customer_phone_number) VALUES (65,88,55,'2015-01-01 06:56:36','334143103');
INSERT INTO "course" (cost,distance,user_id,date,customer_phone_number) VALUES (46,62,23,'2015-03-05 08:51:42','610038060');
INSERT INTO "course" (cost,distance,user_id,date,customer_phone_number) VALUES (36,2,30,'2015-05-05 02:57:54','014811104');
INSERT INTO "course" (cost,distance,user_id,date,customer_phone_number) VALUES (88,18,27,'2015-12-16 02:34:25','359571621');
INSERT INTO "course" (cost,distance,user_id,date,customer_phone_number) VALUES (45,24,17,'2015-10-06 13:02:43','705927044');
INSERT INTO "course" (cost,distance,user_id,date,customer_phone_number) VALUES (97,23,19,'2016-04-28 04:14:31','182398753');
INSERT INTO "course" (cost,distance,user_id,date,customer_phone_number) VALUES (20,85,52,'2014-10-13 06:53:50','497828044');
INSERT INTO "course" (cost,distance,user_id,date,customer_phone_number) VALUES (29,78,41,'2015-01-17 05:17:13','878326065');
INSERT INTO "course" (cost,distance,user_id,date,customer_phone_number) VALUES (30,67,21,'2015-01-28 01:44:57','785932793');
INSERT INTO "course" (cost,distance,user_id,date,customer_phone_number) VALUES (91,61,29,'2016-04-24 23:55:44','607150663');
INSERT INTO "course" (cost,distance,user_id,date,customer_phone_number) VALUES (19,69,17,'2015-10-12 07:02:26','185994229');
INSERT INTO "course" (cost,distance,user_id,date,customer_phone_number) VALUES (56,84,34,'2014-12-09 02:17:36','944859712');
INSERT INTO "course" (cost,distance,user_id,date,customer_phone_number) VALUES (71,72,33,'2016-08-27 06:22:34','473109059');
INSERT INTO "course" (cost,distance,user_id,date,customer_phone_number) VALUES (79,21,19,'2016-05-16 00:25:45','840547742');
INSERT INTO "course" (cost,distance,user_id,date,customer_phone_number) VALUES (20,88,21,'2015-07-13 09:56:40','241043647');
INSERT INTO "course" (cost,distance,user_id,date,customer_phone_number) VALUES (97,52,19,'2015-10-02 08:18:33','275756989');



INSERT INTO "car" (plate_number,brand_model,year_of_prod,status,capacity,number_of_seats,company_id,user_id,latitude,longitude) VALUES ('26-821','eget','1960-04-14','TRUE',86,7,1,15,'50.034658','21.975752');
INSERT INTO "car" (plate_number,brand_model,year_of_prod,status,capacity,number_of_seats,company_id,user_id,latitude,longitude) VALUES ('93-809','Sed','1969-02-10','TRUE',55,5,1,16,'50.037966','22.002188');
INSERT INTO "car" (plate_number,brand_model,year_of_prod,status,capacity,number_of_seats,company_id,user_id,latitude,longitude) VALUES ('71-687','nisl.','1971-04-23','TRUE',16,4,1,17,'50.044140','22.015234');
INSERT INTO "car" (plate_number,brand_model,year_of_prod,status,capacity,number_of_seats,company_id,user_id,latitude,longitude) VALUES ('30-179','mi','2010-09-23','FALSE',5,5,1,18,'50.046345','22.032057');
INSERT INTO "car" (plate_number,brand_model,year_of_prod,status,capacity,number_of_seats,company_id,user_id,latitude,longitude) VALUES ('96-780','In','1969-08-18','FALSE',39,7,1,19,'50.028483','22.070166');
INSERT INTO "car" (plate_number,brand_model,year_of_prod,status,capacity,number_of_seats,company_id,user_id,latitude,longitude) VALUES ('08-503','lectus','1975-01-16','FALSE',75,5,1,20,'50.004106','22.062098');
INSERT INTO "car" (plate_number,brand_model,year_of_prod,status,capacity,number_of_seats,company_id,user_id,latitude,longitude) VALUES ('41-294','consectetuer,','2004-05-29','TRUE',16,6,1,21,'50.037084','22.019869');
INSERT INTO "car" (plate_number,brand_model,year_of_prod,status,capacity,number_of_seats,company_id,user_id,latitude,longitude) VALUES ('78-953','orci','1984-06-16','TRUE',4,5,1,22,'50.039179','22.011286');
INSERT INTO "car" (plate_number,brand_model,year_of_prod,status,capacity,number_of_seats,company_id,user_id,latitude,longitude) VALUES ('58-975','natoque','1966-07-27','TRUE',23,4,1,23,'49.998920','21.998583');
INSERT INTO "car" (plate_number,brand_model,year_of_prod,status,capacity,number_of_seats,company_id,user_id,latitude,longitude) VALUES ('25-867','mi,','2000-01-20','FALSE',49,6,1,24,'50.037746','21.986738');
INSERT INTO "car" (plate_number,brand_model,year_of_prod,status,capacity,number_of_seats,company_id,user_id,latitude,longitude) VALUES ('22-609','fringilla.','1962-07-01','TRUE',21,5,2,25,'50.034769','21.993090');
INSERT INTO "car" (plate_number,brand_model,year_of_prod,status,capacity,number_of_seats,company_id,user_id,latitude,longitude) VALUES ('67-076','Maecenas','1984-02-26','TRUE',7,5,2,26,'49.998699','21.956698');
INSERT INTO "car" (plate_number,brand_model,year_of_prod,status,capacity,number_of_seats,company_id,user_id,latitude,longitude) VALUES ('06-779','elementum,','1965-12-11','TRUE',66,6,2,27,'50.040392','21.958758');
INSERT INTO "car" (plate_number,brand_model,year_of_prod,status,capacity,number_of_seats,company_id,user_id,latitude,longitude) VALUES ('47-909','ipsum.','1956-07-05','FALSE',4,7,2,28,'50.042707','21.956354');
INSERT INTO "car" (plate_number,brand_model,year_of_prod,status,capacity,number_of_seats,company_id,user_id,latitude,longitude) VALUES ('77-501','consequat','1996-07-29','FALSE',11,5,2,29,'50.038187','21.993347');
INSERT INTO "car" (plate_number,brand_model,year_of_prod,status,capacity,number_of_seats,company_id,user_id,latitude,longitude) VALUES ('43-025','id','1998-05-06','FALSE',33,7,2,30,'50.036395', '21.976868');
INSERT INTO "car" (plate_number,brand_model,year_of_prod,status,capacity,number_of_seats,company_id,user_id,latitude,longitude) VALUES ('13-395','neque','2005-03-17','TRUE',96,4,2,31,'50.039041','21.984421');
INSERT INTO "car" (plate_number,brand_model,year_of_prod,status,capacity,number_of_seats,company_id,user_id,latitude,longitude) VALUES ('57-085','nulla.','1996-01-24','TRUE',41,7,2,32,'50.034521', '21.977426');
INSERT INTO "car" (plate_number,brand_model,year_of_prod,status,capacity,number_of_seats,company_id,user_id,latitude,longitude) VALUES ('96-032','tellus','1996-05-23','TRUE',52,5,2,33,'50.09005','22.031972');
INSERT INTO "car" (plate_number,brand_model,year_of_prod,status,capacity,number_of_seats,company_id,user_id,latitude,longitude) VALUES ('65-636','ut','1974-05-17','TRUE',95,4,3,34,'50.035514','21.985847');
INSERT INTO "car" (plate_number,brand_model,year_of_prod,status,capacity,number_of_seats,company_id,user_id,latitude,longitude) VALUES ('68-518','massa','1996-10-19','TRUE',51,6,3,35,'50.044140','22.015234');
INSERT INTO "car" (plate_number,brand_model,year_of_prod,status,capacity,number_of_seats,company_id,user_id,latitude,longitude) VALUES ('09-076','Nulla','1976-11-11','TRUE',59,5,3,36,'49.960396','22.189293');
INSERT INTO "car" (plate_number,brand_model,year_of_prod,status,capacity,number_of_seats,company_id,user_id,latitude,longitude) VALUES ('13-930','venenatis','1959-03-14','FALSE',99,5,3,37,'49.998920','21.998583');
INSERT INTO "car" (plate_number,brand_model,year_of_prod,status,capacity,number_of_seats,company_id,user_id,latitude,longitude) VALUES ('51-590','sodales','2016-02-16','FALSE',38,5,3,38,'50.071385','21.885819');
INSERT INTO "car" (plate_number,brand_model,year_of_prod,status,capacity,number_of_seats,company_id,user_id,latitude,longitude) VALUES ('37-963','Phasellus','1960-06-04','FALSE',72,7,3,39,'50.039179','22.011286');
INSERT INTO "car" (plate_number,brand_model,year_of_prod,status,capacity,number_of_seats,company_id,user_id,latitude,longitude) VALUES ('87-612','ullamcorper','1958-02-16','TRUE',30,7,3,40,'50.069807','22.032458');
INSERT INTO "car" (plate_number,brand_model,year_of_prod,status,capacity,number_of_seats,company_id,user_id,latitude,longitude) VALUES ('19-693','lorem,','2010-03-04','TRUE',13,4,3,41,'50.034769','21.993090');
INSERT INTO "car" (plate_number,brand_model,year_of_prod,status,capacity,number_of_seats,company_id,user_id,latitude,longitude) VALUES ('27-198','et','1956-09-27','TRUE',28,6,3,42,'50.146455','21.416651');
INSERT INTO "car" (plate_number,brand_model,year_of_prod,status,capacity,number_of_seats,company_id,user_id,latitude,longitude) VALUES ('93-424','scelerisque','1983-03-10','FALSE',64,4,3,43,'50.638283','21.097271');
INSERT INTO "car" (plate_number,brand_model,year_of_prod,status,capacity,number_of_seats,company_id,user_id,latitude,longitude) VALUES ('05-845','egestas.','1987-10-11','FALSE',9,5,3,44,'50.055717','21.995620');
INSERT INTO "car" (plate_number,brand_model,year_of_prod,status,capacity,number_of_seats,company_id,user_id,latitude,longitude) VALUES ('28-689','lacinia','2005-01-30','FALSE',10,4,3,45,'50.302344','21.953699');
INSERT INTO "car" (plate_number,brand_model,year_of_prod,status,capacity,number_of_seats,company_id,user_id,latitude,longitude) VALUES ('93-676','vulputate','1961-03-02','TRUE',44,5,4,46,'50.286736','21.954225');
INSERT INTO "car" (plate_number,brand_model,year_of_prod,status,capacity,number_of_seats,company_id,user_id,latitude,longitude) VALUES ('51-260','eleifend,','1969-01-29','TRUE',89,5,4,47,'50.307187','21.959385');
INSERT INTO "car" (plate_number,brand_model,year_of_prod,status,capacity,number_of_seats,company_id,user_id,latitude,longitude) VALUES ('96-107','odio','1996-02-14','TRUE',90,5,4,48,'50.228972', '22.171377');
INSERT INTO "car" (plate_number,brand_model,year_of_prod,status,capacity,number_of_seats,company_id,user_id,latitude,longitude) VALUES ('74-164','cubilia','2001-06-15','FALSE',64,6,4,49,'50.090131', '21.877464');
INSERT INTO "car" (plate_number,brand_model,year_of_prod,status,capacity,number_of_seats,company_id,user_id,latitude,longitude) VALUES ('33-393','mi','1949-01-13','FALSE',90,7,4,50,'50.191844','22.015551');
INSERT INTO "car" (plate_number,brand_model,year_of_prod,status,capacity,number_of_seats,company_id,user_id,latitude,longitude) VALUES ('18-823','et','1951-06-28','FALSE',37,5,4,51,'50.082181','21.871657');
INSERT INTO "car" (plate_number,brand_model,year_of_prod,status,capacity,number_of_seats,company_id,user_id,latitude,longitude) VALUES ('50-540','gravida','1994-09-14','TRUE',52,7,4,52,'50.071385','21.885819');
INSERT INTO "car" (plate_number,brand_model,year_of_prod,status,capacity,number_of_seats,company_id,user_id,latitude,longitude) VALUES ('75-721','sit','1971-02-10','TRUE',57,4,4,53,'50.083295','21.892383');
INSERT INTO "car" (plate_number,brand_model,year_of_prod,status,capacity,number_of_seats,company_id,user_id,latitude,longitude) VALUES ('20-077','Nullam','1995-07-16','TRUE',3,6,4,54,'50.089015','21.869799');
INSERT INTO "car" (plate_number,brand_model,year_of_prod,status,capacity,number_of_seats,company_id,user_id,latitude,longitude) VALUES ('67-594','malesuada','1975-09-07','TRUE',64,5,5,55,'50.046289','22.002331');
INSERT INTO "car" (plate_number,brand_model,year_of_prod,status,capacity,number_of_seats,company_id,user_id,latitude,longitude) VALUES ('80-081','In','1984-01-25','TRUE',50,5,5,56,'50.076609','21.962329');
INSERT INTO "car" (plate_number,brand_model,year_of_prod,status,capacity,number_of_seats,company_id,user_id,latitude,longitude) VALUES ('03-261','risus.','1955-05-12','TRUE',45,5,5,57,'50.072923','21.953316');
INSERT INTO "car" (plate_number,brand_model,year_of_prod,status,capacity,number_of_seats,company_id,user_id,latitude,longitude) VALUES ('39-776','dui,','1983-05-31','FALSE',36,4,5,58,'50.090059','22.031972');
INSERT INTO "car" (plate_number,brand_model,year_of_prod,status,capacity,number_of_seats,company_id,user_id,latitude,longitude) VALUES ('31-919','ut,','1980-07-22','FALSE',6,4,5,59,'50.069183','21.967396');
INSERT INTO "car" (plate_number,brand_model,year_of_prod,status,capacity,number_of_seats,company_id,user_id,latitude,longitude) VALUES ('56-469','Duis','2000-05-18','FALSE',59,4,5,60,'50.069807','22.032458');
INSERT INTO "car" (plate_number,brand_model,year_of_prod,status,capacity,number_of_seats,company_id,user_id,latitude,longitude) VALUES ('89-339','elit,','2016-03-14','TRUE',40,7,5,61,'50.065755','21.996528');
INSERT INTO "car" (plate_number,brand_model,year_of_prod,status,capacity,number_of_seats,company_id,user_id,latitude,longitude) VALUES ('30-300','vestibulum','2002-12-08','TRUE',89,5,5,62,'50.049234','21.911075');
INSERT INTO "car" (plate_number,brand_model,year_of_prod,status,capacity,number_of_seats,company_id,user_id,latitude,longitude) VALUES ('76-971','turpis.','1950-06-10','TRUE',77,7,5,63,'50.064509','21.936322');
INSERT INTO "car" (plate_number,brand_model,year_of_prod,status,capacity,number_of_seats,company_id,user_id,latitude,longitude) VALUES ('65-068','Integer','1968-10-12','TRUE',84,6,6,64,'50.035514','21.985847');
INSERT INTO "car" (plate_number,brand_model,year_of_prod,status,capacity,number_of_seats,company_id,user_id,latitude,longitude) VALUES ('65-708','nunc','1986-04-10','TRUE',81,7,6,65,'49.977975','22.171181');
INSERT INTO "car" (plate_number,brand_model,year_of_prod,status,capacity,number_of_seats,company_id,user_id,latitude,longitude) VALUES ('74-346','neque','2009-04-03','TRUE',6,5,6,66,'49.983595','22.226046');
INSERT INTO "car" (plate_number,brand_model,year_of_prod,status,capacity,number_of_seats,company_id,user_id,latitude,longitude) VALUES ('03-241','ac','1963-01-31','FALSE',69,4,6,67,'49.979848','22.148361');
INSERT INTO "car" (plate_number,brand_model,year_of_prod,status,capacity,number_of_seats,company_id,user_id,latitude,longitude) VALUES ('39-386','metus','1978-08-04','FALSE',92,6,6,68,'49.960396','22.189293');
INSERT INTO "car" (plate_number,brand_model,year_of_prod,status,capacity,number_of_seats,company_id,user_id,latitude,longitude) VALUES ('70-811','risus','2009-05-21','FALSE',43,6,6,69,'49.975302','22.201996');
INSERT INTO "car" (plate_number,brand_model,year_of_prod,status,capacity,number_of_seats,company_id,user_id,latitude,longitude) VALUES ('27-531','ornare','2001-11-15','TRUE',3,4,6,70,'49.891899','22.224768');
INSERT INTO "car" (plate_number,brand_model,year_of_prod,status,capacity,number_of_seats,company_id,user_id,latitude,longitude) VALUES ('73-663','Integer','1957-10-30','TRUE',56,5,2,2,'49.899175','22.013544');